<?xml version="1.0" encoding="UTF-8"?>
<cdp>

 <clojure namespace="vinzi.cdp.ns.demo">
 (use 'vinzi.tools.vSql)
 (use 'clojure.tools.logging)


 </clojure>




  <action
     accessId="square-data"
     description="."
     >
   <sql datasource ="Tdat" operation="no-output">
      UPDATE ${schema}.${table} SET number=number*number;
   </sql>

   <params>
   	 <param id="schema" default="test"/>
   	 <param id="table"/>
   </params>
 </action>


  <action
     accessId="squareroot-data"
     description="."
     >
   <sql datasource ="Tdat" operation="no-output">
      UPDATE ${schema}.${table} SET number=SQRT(number);
   </sql>

   <params>
         <param id="schema" default="test"/>
         <param id="table"/>
   </params>
 </action>


  <action
     accessId="calculate-sum"
     description="Calculate a sum over 'number' column."
     >

   <sql datasource ="Tdat" >
   SELECT * FROM ${schema}.${table}; 
   </sql>

   <clojure datasource ="Tdat" >
      (fn [params data]
         (let [sum (reduce + (map :number data))]
            (list {:sum sum})))
   </clojure>   

   <params>
   	 <param id="schema" default="test"/>
   	 <param id="table"/>
   </params>
 </action>



  <action
     accessId="demoDataCdp"
     description="retrieve the demo data via a cdp call."
     vectorOrder="label,number"
     >

   <sql datasource ="Tdat" >
-- Before using this create the test-data
-- CREATE SCHEMA test;
-- CREATE TABLE test.demo (label text PRIMARY KEY, number INTEGER);
-- INSERT INTO test.demo (label, number) VALUES('A', 2.0);
-- INSERT INTO test.demo (label, number) VALUES('B', 1.0);
-- INSERT INTO test.demo (label, number) VALUES('C', 3.0);
	select label, number
	FROM ${schema}.${table} 
	ORDER BY label;
   </sql>
   <params>
   	 <param id="schema" default="test"/>
   	 <param id="table" default="demo"/>
   </params>
 </action>

</cdp>
